index,N,n_imgs_seq_cpu,time_seq_cpu,n_imgs_seq_gpu,time_seq_gpu,n_imgs_par,time_par
0,1,5,1.849944138666615,5,0.08439184933316331,4,0.019952736333228433
1,2,10,3.738595230000101,10,0.16416103033346494,8,0.03226328866670277
2,3,15,5.6922188060001035,15,0.2481372143332313,12,0.06346370466659816
3,4,20,7.496682494000197,20,0.33127848433347634,16,0.07304961599978317
