index,n_imgs,maxN,stepN,repN,batch_size,n_threads,n_imgs_sequence,time_sequence,n_imgs_parallel,time_parallel
0,20,5,1,4,1,4,1,0.01781351266739269,1,0.01835523033514619
1,20,5,1,4,4,4,4,0.06945946999864343,4,0.031993265001801774
2,20,5,1,4,8,4,8,0.12952254799893126,8,0.051516027665153764
3,20,5,1,4,12,4,12,0.18449534167302772,12,0.05998864700086415
4,20,5,1,4,16,4,16,0.23770540566571677,16,0.07035543967504054
