index,N,n_imgs_seq_cpu,time_seq_cpu,n_imgs_seq_gpu,time_seq_gpu,n_imgs_par,time_par
0,1,4,1.405098624333429,4,0.06860118733311538,4,0.0194936139996571
1,2,8,2.3169253549998152,8,0.11953577966717906,8,0.03251916966655699
2,3,12,5.553846911666672,12,0.23578510566646096,12,0.06200225133337275
3,4,16,6.368123585666278,16,0.27895341600014945,16,0.07462989066637722
