level_0,index,N,n_imgs_seq_cpu,time_seq_cpu,n_imgs_seq_gpu,time_seq_gpu,n_imgs_par,time_par
0,0,1,5,1.849944138666615,5,0.0843918493331633,4,0.0199527363332284
1,1,2,10,3.738595230000101,10,0.1641610303334649,8,0.0322632886667027
2,2,3,15,5.692218806000104,15,0.2481372143332313,12,0.0634637046665981
3,3,4,20,7.496682494000197,20,0.3312784843334763,16,0.0730496159997831
